Overall,Team,Player,Player ID,Nationality,Position,Pos2,Age,To,Amateur Team,Amateur League,Games Played,Goals,Assists,Points,+/-,Penalty Minutes,Wins,Loses,Ties,Save %,Goals Against Avg,Round,Draft Year
1,Edmonton Oilers,Connor McDavid,mcdavco01,CA,C,,18,2019,Erie,OHL,287,128,244,372,49,90,,,,,,1,2015
2,Buffalo Sabres,Jack Eichel,eicheja01,US,C,,18,2019,Boston University,H-East,286,101,158,259,-65,102,,,,,,1,2015
3,Arizona Coyotes,Dylan Strome,stromdy01,CA,C,,18,2019,Erie,OHL,106,24,43,67,-9,28,,,,,,1,2015
4,Toronto Maple Leafs,Mitchell Marner,marnemi01,CA,C,,18,2019,London,OHL,241,67,157,224,21,86,,,,,,1,2015
5,Carolina Hurricanes,Noah Hanifin,hanifno01,US,D,,18,2019,Boston College,H-East,319,23,93,116,-35,81,,,,,,1,2015
6,New Jersey Devils,Pavel Zacha,zachapa01,CZ,C,,18,2019,Sarnia,OHL,201,29,47,76,-22,64,,,,,,1,2015
7,Philadelphia Flyers,Ivan Provorov,provoiv01,RU,D,,18,2019,Brandon,WHL,246,30,67,97,-6,86,,,,,,1,2015
8,Columbus Blue Jackets,Zach Werenski,werenza01,US,D,,18,2019,Michigan,Big Ten,237,38,90,128,13,48,,,,,,1,2015
9,San Jose Sharks,Timo Meier,meierti01,CH,RW,,18,2019,Halifax,QMJHL,193,54,54,108,12,116,,,,,,1,2015
10,Colorado Avalanche,Mikko Rantanen,rantami01,FI,RW,,18,2019,TPS,Finland,239,80,129,209,-19,112,,,,,,1,2015
11,Florida Panthers,Lawson Crouse,crousla01,CA,LW,,18,2019,Kingston,OHL,164,17,21,38,-21,122,,,,,,1,2015
12,Dallas Stars,Denis Gurianov,guriade01,RU,RW,,18,2019,Togliatti 2,Russia-Jr.,22,1,3,4,-4,0,,,,,,1,2015
13,Boston Bruins,Jakub Zboril,zborija01,CZ,D,,18,2019,Saint John,QMJHL,2,0,0,0,0,0,,,,,,1,2015
14,Boston Bruins,Jake Debrusk,debruja01,CA,LW,,18,2019,Swift Current,WHL,138,43,42,85,15,37,,,,,,1,2015
15,Boston Bruins,Zachary Senyshyn,senysza01,CA,RW,,18,2019,Sault Ste. Marie,OHL,2,1,0,1,0,0,,,,,,1,2015
16,New York Islanders,Mathew Barzal,barzama01,CA,C,,18,2019,Seattle,WHL,166,40,107,147,-6,82,,,,,,1,2015
17,Winnipeg Jets,Kyle Connor,connoky01,US,LW,,18,2019,Youngstown,USHL,178,67,61,128,-6,38,,,,,,1,2015
18,Ottawa Senators,Thomas Chabot,chaboth01,CA,D,,18,2019,Saint John,QMJHL,134,23,57,80,-26,46,,,,,,1,2015
19,Detroit Red Wings,Evgeny Svechnikov,svechev01,RU,LW,,18,2018,Cape Breton,QMJHL,16,2,2,4,-2,8,,,,,,1,2015
20,Minnesota Wild,Joel Eriksson Ek,eriksjo02,SE,C,,18,2019,Farjestad,Sweden,148,16,21,37,-4,46,,,,,,1,2015
21,Ottawa Senators,Colin White,whiteco02,US,C,,18,2019,USA U-18,USHL,94,16,31,47,-23,32,,,,,,1,2015
22,Washington Capitals,Ilya Samsonov,samsoil01,RU,G,,18,,Magnitogorsk 2,Russia-Jr.,0,,,,,,,,,,,1,2015
23,Vancouver Canucks,Brock Boeser,boesebr01,US,RW,,18,2019,Waterloo,USHL,140,59,57,116,-7,38,,,,,,1,2015
24,Philadelphia Flyers,Travis Konecny,konectr01,CA,C,,18,2019,Ottawa,OHL,233,59,65,124,11,135,,,,,,1,2015
25,Winnipeg Jets,Jack Roslovic,rosloja01,US,C,,18,2019,USA U-18,USHL,109,14,24,38,2,6,,,,,,1,2015
26,Montreal Canadiens,Noah Juulsen,juulsno01,CA,D,,18,2019,Everett,WHL,44,2,6,8,6,10,,,,,,1,2015
27,Anaheim Ducks,Jacob Larsson,larssja01,SE,D,,18,2019,Frolunda Jr.,Sweden-Jr.,53,0,5,5,-5,18,,,,,,1,2015
28,New York Islanders,Anthony Beauvillier,beauvan01,CA,LW,,18,2019,Shawinigan,QMJHL,218,48,40,88,4,34,,,,,,1,2015
29,Columbus Blue Jackets,Gabriel Carlsson,carlsga01,SE,D,,18,2019,Linkoping Jr.,Sweden-Jr.,17,0,3,3,-3,6,,,,,,1,2015
30,Arizona Coyotes,Nicholas Merkley,merklni01,CA,RW,,18,2018,Kelowna,WHL,1,0,0,0,0,2,,,,,,2,2015
31,San Jose Sharks,Jeremy Roy,royje02,CA,D,,18,,Sherbrooke,QMJHL,0,,,,,,,,,,,2,2015
32,Arizona Coyotes,Christian Fischer,fischch01,US,RW,,18,2019,USA U-18,USHL,157,29,25,54,-30,41,,,,,,2,2015
33,Tampa Bay Lightning,Mitchell Stephens,stephmi01,CA,C,,18,,Saginaw,OHL,0,,,,,,,,,,,2,2015
34,Toronto Maple Leafs,Travis Dermott,dermotr01,CA,D,,18,2019,Erie,OHL,101,5,25,30,11,30,,,,,,2,2015
35,Carolina Hurricanes,Sebastian Aho,ahose01,FI,RW,,18,2019,Karpat,Finland,242,83,114,197,28,76,,,,,,2,2015
36,Ottawa Senators,Gabriel Gagne,gagnega01,CA,RW,,18,,Victoriaville,QMJHL,0,,,,,,,,,,,2,2015
37,Boston Bruins,Brandon Carlo,carlobr01,US,D,,18,2019,Tri-City,WHL,230,8,24,32,41,151,,,,,,2,2015
38,Columbus Blue Jackets,Paul Bittner,bittnpa01,US,LW,,18,,Portland,WHL,0,,,,,,,,,,,2,2015
39,Colorado Avalanche,A.J. Greer,greeraj01,CA,LW,,18,2019,Boston University,H-East,37,1,5,6,-2,47,,,,,,2,2015
40,Colorado Avalanche,Nicolas Meloche,melocni01,CA,D,,18,,Baie Comeau,QMJHL,0,,,,,,,,,,,2,2015
41,New York Rangers,Ryan Gropp,groppry01,CA,LW,,18,,Seattle,WHL,0,,,,,,,,,,,2,2015
42,New Jersey Devils,MacKenzie Blackwood,blackma01,CA,G,,18,2019,Barrie,OHL,23,0,0,0,0,0,10,10,0,0.918,2.61,2,2015
43,Los Angeles Kings,Erik Cernak,cernaer01,SK,D,,18,2019,Kosice,Slovakia,58,5,11,16,25,58,,,,,,2,2015
44,Tampa Bay Lightning,Matthew Spencer,spencma01,CA,D,,18,,Peterborough,OHL,0,,,,,,,,,,,2,2015
45,Boston Bruins,Jakob Forsbacka Karlsson,forsbja01,SE,C,,18,2019,Omaha,USHL,29,3,6,9,1,2,,,,,,2,2015
46,Pittsburgh Penguins,Daniel Sprong,spronda01,NL,RW,,18,2019,Charlottetown,QMJHL,89,18,10,28,-15,10,,,,,,2,2015
47,Winnipeg Jets,Jansen Harkins,harkija01,US,C,,18,,Prince George,WHL,0,,,,,,,,,,,2,2015
48,Ottawa Senators,Filip Chlapik,chlapfi01,CZ,C,,18,2019,Charlottetown,QMJHL,25,2,3,5,-7,8,,,,,,2,2015
49,Dallas Stars,Roope Hintz,hintzro01,FI,LW,,18,2019,Ilves,Finland,58,9,13,22,-11,24,,,,,,2,2015
50,Minnesota Wild,Jordan Greenway,greenjo02,US,LW,,18,2019,USA U-18,USHL,87,12,13,25,-12,29,,,,,,2,2015
51,Buffalo Sabres,Brendan Guhle,guhlebr01,CA,D,,18,2019,Prince Albert,WHL,29,0,6,6,-7,14,,,,,,2,2015
52,Boston Bruins,Jeremy Lauzon,lauzoje01,CA,D,,18,2019,Rouyn-Noranda,QMJHL,16,1,0,1,-1,2,,,,,,2,2015
53,Calgary Flames,Rasmus Andersson,anderra01,SE,D,,18,2019,Barrie,OHL,90,2,17,19,15,27,,,,,,2,2015
54,Chicago Blackhawks,Graham Knott,knottgr01,CA,LW,,18,,Niagara,OHL,0,,,,,,,,,,,2,2015
55,Nashville Predators,Yakov Trenin,treniya01,RU,C,,18,,Gatineau,QMJHL,0,,,,,,,,,,,2,2015
56,St. Louis Blues,Vince Dunn,dunnvi02,CA,D,,18,2019,Niagara,OHL,153,17,42,59,15,65,,,,,,2,2015
57,Washington Capitals,Jonas Siegenthaler,siegejo01,CH,D,,18,2019,Zurich,Swiss,26,0,4,4,6,10,,,,,,2,2015
58,Columbus Blue Jackets,Kevin Stenlund,stenlke01,SE,C,,18,2019,HV 71 Jr.,Sweden-Jr.,4,0,0,0,0,4,,,,,,2,2015
59,Anaheim Ducks,Julius Nattinen,nattiju01,FI,C,,18,,JYP 2,Finland-2,0,,,,,,,,,,,2,2015
60,Calgary Flames,Oliver Kylington,kylinol01,SE,D,,18,2019,Farjestad,Sweden,39,3,5,8,3,10,,,,,,3,2015
61,Toronto Maple Leafs,Jeremy Bracco,braccje01,US,RW,,18,,USA U-18,USHL,0,,,,,,,,,,,3,2015
62,New York Rangers,Robin Kovacs,kovacro01,SE,RW,,18,,AIK,Sweden-2,0,,,,,,,,,,,3,2015
63,Arizona Coyotes,Kyle Capobianco,capobky01,CA,D,,18,2019,Sudbury,OHL,3,0,0,0,-3,0,,,,,,3,2015
64,Tampa Bay Lightning,Dennis Yan,yande01,US,LW,,18,,Shawinigan,QMJHL,0,,,,,,,,,,,3,2015
65,Toronto Maple Leafs,Andrew Nielsen,nielsan01,CA,D,,18,,Lethbridge,WHL,0,,,,,,,,,,,3,2015
66,Vancouver Canucks,Guillaume Brisebois,brisegu01,CA,D,,18,2019,Acadie-Bathurst,QMJHL,8,0,0,0,-4,0,,,,,,3,2015
67,New Jersey Devils,Blake Speers,speerbl01,CA,C,,18,2017,Sault Ste. Marie,OHL,3,0,0,0,0,0,,,,,,3,2015
68,Toronto Maple Leafs,Martins Dzierkals,dzierma01,LV,LW,,18,,Riga 2,Russia-Jr.,0,,,,,,,,,,,3,2015
69,Columbus Blue Jackets,Keegan Kolesar,koleske01,CA,RW,,18,,Seattle,WHL,0,,,,,,,,,,,3,2015
70,Philadelphia Flyers,Felix Sandstrom,sandsfe01,SE,G,,18,,Brynas Jr.,Sweden-Jr.,0,,,,,,,,,,,3,2015
71,Colorado Avalanche,Jean-Christophe Beaudin,beaudje01,CA,C,,18,,Rouyn-Noranda,QMJHL,0,,,,,,,,,,,3,2015
72,Tampa Bay Lightning,Anthony Cirelli,cirelan01,CA,C,,18,2019,Oshawa,OHL,100,24,26,50,36,40,,,,,,3,2015
73,Detroit Red Wings,Vili Saarijarvi,saarivi01,FI,D,,18,,Green Bay,USHL,0,,,,,,,,,,,3,2015
74,Los Angeles Kings,Alexander Dergachyov,dergaal01,RU,C,,18,,SKA St. Petersburg 2,Russia-Jr.,0,,,,,,,,,,,3,2015
75,Boston Bruins,Daniel Vladar,vladada01,CZ,G,,18,,Kladno,Czech-2,0,,,,,,,,,,,3,2015
76,Arizona Coyotes,Adin Hill,hillad01,CA,G,,19,2019,Portland,WHL,17,0,0,0,0,0,8,8,0,0.898,2.95,3,2015
77,Florida Panthers,Sam Montembeault,montesa01,CA,G,,18,2019,Blainville-Boisbriand,QMJHL,11,0,1,1,0,0,4,3,2,0.894,3.04,3,2015
78,Winnipeg Jets,Erik Foley,foleyer01,US,LW,,18,,Cedar Rapids,USHL,0,,,,,,,,,,,3,2015
79,New York Rangers,Sergey Zborovskiy,zborose01,RU,D,,18,,Regina,WHL,0,,,,,,,,,,,3,2015
80,Anaheim Ducks,Brent Gates,gatesbr01,US,C,,18,,Green Bay,USHL,0,,,,,,,,,,,3,2015
81,Arizona Coyotes,Brendan Warren,warrebr01,US,LW,,18,,USA U-18,USHL,0,,,,,,,,,,,3,2015
82,New York Islanders,Mitchell Vande Sompel,vandemi01,CA,D,,18,,Oshawa,OHL,0,,,,,,,,,,,3,2015
83,Arizona Coyotes,Jens Looke,lookeje01,SE,RW,,18,,Brynas,Sweden,0,,,,,,,,,,,3,2015
84,Anaheim Ducks,Deven Sideroff,siderde01,CA,RW,,18,,Kamloops,WHL,0,,,,,,,,,,,3,2015
85,Nashville Predators,Thomas Novak,novakth01,US,C,,18,,Waterloo,USHL,0,,,,,,,,,,,3,2015
86,San Jose Sharks,Mike Robinson,robinmi01,US,G,,18,,Lawrence Academy,High-MA,0,,,,,,,,,,,3,2015
87,Montreal Canadiens,Lukas Vejdemo,vejdelu01,SE,C,,19,,Djurgarden Jr.,Sweden-Jr.,0,,,,,,,,,,,3,2015
88,Florida Panthers,Thomas Schemitsch,schemth01,CA,D,,18,,Owen Sound,OHL,0,,,,,,,,,,,3,2015
89,New York Rangers,Aleksi Saarela,saareal01,FI,C,,18,,Assat,Finland,0,,,,,,,,,,,3,2015
90,Philadelphia Flyers,Matej Tomek,tomekma01,SK,G,,18,,Topeka,NAHL,0,,,,,,,,,,,4,2015
91,Chicago Blackhawks,Dennis Gilbert,gilbede01,US,D,,18,2019,Chicago,USHL,1,0,0,0,0,2,,,,,,4,2015
92,Buffalo Sabres,William Borgen,borgewi01,US,D,,18,2019,Moorhead,High-MN,4,0,0,0,-5,0,,,,,,4,2015
93,Carolina Hurricanes,Callum Booth,boothca01,CA,G,,18,,Quebec,QMJHL,0,,,,,,,,,,,4,2015
94,St. Louis Blues,Adam Musil,musilad01,CA,C,,18,,Red Deer,WHL,0,,,,,,,,,,,4,2015
95,Toronto Maple Leafs,Jesper Lindgren,lindgje01,SE,D,,18,,Modo Jr.,Sweden-Jr.,0,,,,,,,,,,,4,2015
96,Carolina Hurricanes,Nicolas Roy,royni01,CA,C,,18,2019,Chicoutimi,QMJHL,7,0,0,0,-1,2,,,,,,4,2015
97,New Jersey Devils,Colton White,whiteco03,CA,D,,18,2019,Sault Ste. Marie,OHL,3,0,0,0,-2,2,,,,,,4,2015
98,Philadelphia Flyers,Samuel Dove-McFalls,dovemsa01,CA,LW,,18,,Saint John,QMJHL,0,,,,,,,,,,,4,2015
99,Los Angeles Kings,Austin Wagner,wagneau01,CA,LW,,18,2019,Regina,WHL,62,12,9,21,2,16,,,,,,4,2015
100,Nashville Predators,Anthony Richard,richaan01,CA,C,,18,2019,Val d'Or,QMJHL,1,0,0,0,-1,0,,,,,,4,2015
101,Colorado Avalanche,Andrei Mironov,mironan01,RU,D,,21,2018,Dynamo Moscow,Russia,10,1,2,3,2,12,,,,,,4,2015
102,Florida Panthers,Denis Malgin,malgide01,CH,C,,18,2019,Zurich,Swiss,148,24,24,48,-11,28,,,,,,4,2015
103,Dallas Stars,Chris Martenet,martech01,US,D,,18,,London,OHL,0,,,,,,,,,,,4,2015
104,Philadelphia Flyers,Mikhail Vorobyev,vorobmi01,RU,C,,18,2019,Ufa 2,Russia-Jr.,15,1,1,2,0,2,,,,,,4,2015
105,Boston Bruins,Jesse Gabrielle,gabrije01,CA,LW,,18,,Regina,WHL,0,,,,,,,,,,,4,2015
106,San Jose Sharks,Adam Helewka,helewad01,CA,LW,,20,,Spokane,WHL,0,,,,,,,,,,,4,2015
107,Ottawa Senators,Christian Wolanin,wolanch01,CA,D,,20,2019,Muskegon,USHL,40,5,10,15,-1,6,,,,,,4,2015
108,Winnipeg Jets,Michael Spacek,spacemi01,CZ,RW,,18,,Pardubice,Czech,0,,,,,,,,,,,4,2015
109,Ottawa Senators,Filip Ahl,ahlfi01,SE,LW,,18,,HV 71 Jr.,Sweden-Jr.,0,,,,,,,,,,,4,2015
110,Detroit Red Wings,Joren Van Pottelberghe,vanpojo01,CH,G,,18,,Linkoping U18,Sweden-Jr.,0,,,,,,,,,,,4,2015
111,Minnesota Wild,Ales Stezka,stezkal01,CZ,G,,18,,Liberec Jr.,Czech-Jr.,0,,,,,,,,,,,4,2015
112,New York Islanders,Parker Wotherspoon,wothepa01,CA,D,,18,,Tri-City,WHL,0,,,,,,,,,,,4,2015
113,New York Rangers,Brad Morrison,morribr03,CA,C,,18,,Prince George,WHL,0,,,,,,,,,,,4,2015
114,Vancouver Canucks,Dmitry Zhukenov,zhukedm01,RU,C,,18,,Omsk 2,Russia-Jr.,0,,,,,,,,,,,4,2015
115,Nashville Predators,Alexandre Carrier,carrial01,CA,D,,18,2017,Gatineau,QMJHL,2,0,0,0,1,0,,,,,,4,2015
116,St. Louis Blues,Glenn Gawdin,gawdigl01,CA,C,,18,,Swift Current,WHL,0,,,,,,,,,,,4,2015
117,Edmonton Oilers,Caleb Jones,jonesca01,US,D,,18,2019,USA U-18,USHL,17,1,5,6,-9,6,,,,,,4,2015
118,Tampa Bay Lightning,Jonne Tammela,tammejo01,FI,RW,,18,,Kalpa,Finland,0,,,,,,,,,,,4,2015
119,New York Rangers,Daniel Bernhardt,bernhda01,SE,RW,,19,,Djurgarden Jr.,Sweden-Jr.,0,,,,,,,,,,,4,2015
120,Tampa Bay Lightning,Mathieu Joseph,josepma01,CA,RW,,18,2019,Saint John,QMJHL,70,13,13,26,5,26,,,,,,5,2015
121,Chicago Blackhawks,Ryan Shea,sheary01,US,D,,18,,Boston College H.S.,High-MA,0,,,,,,,,,,,5,2015
122,Buffalo Sabres,Devante Stephens,stephde01,CA,D,,18,,Kelowna,WHL,0,,,,,,,,,,,5,2015
123,Arizona Coyotes,Conor Garland,garlaco01,US,RW,,19,2019,Moncton,QMJHL,47,13,5,18,1,12,,,,,,5,2015
124,Edmonton Oilers,Ethan Bear,bearet01,CA,D,,18,2018,Seattle,WHL,18,1,3,4,-11,10,,,,,,5,2015
125,Toronto Maple Leafs,Dmytro Timashov,timasdm01,UA,LW,,18,,Quebec,QMJHL,0,,,,,,,,,,,5,2015
126,Carolina Hurricanes,Luke Stevens,stevelu01,US,LW,,18,,Noble & Greenough,High-MA,0,,,,,,,,,,,5,2015
127,St. Louis Blues,Niko Mikkola,mikkoni01,FI,D,,19,,Kalpa Jr.,Finland-Jr.,0,,,,,,,,,,,5,2015
128,Philadelphia Flyers,David Kase,kaseda01,CZ,RW,,18,,Chomutov,Czech-2,0,,,,,,,,,,,5,2015
129,Columbus Blue Jackets,Sam Ruopp,ruoppsa01,CA,D,,19,,Prince George,WHL,0,,,,,,,,,,,5,2015
130,San Jose Sharks,Karlis Cukste,cukstka01,LV,D,,18,,Riga 2,Russia-Jr.,0,,,,,,,,,,,5,2015
131,Montreal Canadiens,Matthew Bradley,bradlma02,CA,C,,18,,Medicine Hat,WHL,0,,,,,,,,,,,5,2015
132,Florida Panthers,Karch Bachman,bachmka01,US,LW,,18,,Culver Academy,High-IN,0,,,,,,,,,,,5,2015
133,Dallas Stars,Joseph Cecconi,ceccojo01,US,D,,18,,Muskegon,USHL,0,,,,,,,,,,,5,2015
134,Los Angeles Kings,Matt Schmalz,schmama01,CA,RW,,19,,Sudbury,OHL,0,,,,,,,,,,,5,2015
135,Minnesota Wild,Kirill Kaprizov,kapriki01,RU,LW,,18,,Novokuznetsk,Russia,0,,,,,,,,,,,5,2015
136,Calgary Flames,Pavel Karnaukhov,karnapa01,BY,LW,,18,,Calgary,WHL,0,,,,,,,,,,,5,2015
137,Pittsburgh Penguins,Dominik Simon,simondo01,CZ,C,,21,2019,Plzen,Czech,109,12,30,42,9,34,,,,,,5,2015
138,Carolina Hurricanes,Spencer Smallman,smallsp01,CA,RW,,19,,Saint John,QMJHL,0,,,,,,,,,,,5,2015
139,Ottawa Senators,Christian Jaros,jarosch01,SK,D,,19,2019,Lulea Jr.,Sweden-Jr.,63,1,9,10,-14,27,,,,,,5,2015
140,Detroit Red Wings,Chase Pearson,pearsch01,CA,C,,18,,Youngstown,USHL,0,,,,,,,,,,,5,2015
141,Columbus Blue Jackets,Veeti Vainio,vainive01,FI,D,,18,,Blues Jr.,Finland-Jr.,0,,,,,,,,,,,5,2015
142,San Jose Sharks,Rudolfs Balcers,balceru01,LV,LW,,18,2019,Stavanger,Norway,36,5,9,14,-7,10,,,,,,5,2015
143,Washington Capitals,Connor Hobbs,hobbsco01,CA,D,,18,,Regina,WHL,0,,,,,,,,,,,5,2015
144,Vancouver Canucks,Carl Neill,neillca01,CA,D,,19,,Sherbrooke,QMJHL,0,,,,,,,,,,,5,2015
145,Nashville Predators,Karel Vejmelka,vejmeka01,CZ,G,,19,,Pardubice Jr.,Czech-Jr.,0,,,,,,,,,,,5,2015
146,St. Louis Blues,Luke Opilka,opilklu01,US,G,,18,,USA U-18,USHL,0,,,,,,,,,,,5,2015
147,New York Islanders,Ryan Pilon,pilonry01,CA,D,,18,,Brandon,WHL,0,,,,,,,,,,,5,2015
148,Anaheim Ducks,Troy Terry,terrytr01,US,C,RW,18,2019,USA U-18,USHL,34,4,9,13,8,2,,,,,,5,2015
149,Vancouver Canucks,Adam Gaudette,gaudead01,US,C,,18,2019,Cedar Rapids,USHL,61,5,7,12,-6,18,,,,,,5,2015
150,Tampa Bay Lightning,Ryan Zuhlsdorf,zuhlsry01,US,D,,18,,Sioux City,USHL,0,,,,,,,,,,,6,2015
151,Chicago Blackhawks,Radovan Bondra,bondrra01,SK,RW,,18,,Kosice,Slovakia,0,,,,,,,,,,,6,2015
152,Buffalo Sabres,Giorgio Estephan,estepgi01,CA,C,,18,,Lethbridge,WHL,0,,,,,,,,,,,6,2015
153,Tampa Bay Lightning,Kristian Oldham,oldhakr01,US,G,,18,,Omaha,USHL,0,,,,,,,,,,,6,2015
154,Edmonton Oilers,John Marino,marinjo01,US,D,,18,,South Shore,USPHL,0,,,,,,,,,,,6,2015
155,Toronto Maple Leafs,Stephen Desrocher,desrost01,CA,D,,19,,Oshawa,OHL,0,,,,,,,,,,,6,2015
156,Carolina Hurricanes,Jake Massie,massija01,CA,D,,18,,Kimball Union,High-NH,0,,,,,,,,,,,6,2015
157,New Jersey Devils,Brett Seney,seneybr01,CA,LW,,19,2019,Merrimack,H-East,51,5,8,13,-14,31,,,,,,6,2015
158,Philadelphia Flyers,Cooper Marody,marodco01,US,C,,18,2019,Sioux Falls,USHL,6,0,0,0,-1,0,,,,,,6,2015
159,Columbus Blue Jackets,Vladislav Gavrikov,gavrivl01,RU,D,,19,,Yaroslavl,Russia,0,,,,,,,,,,,6,2015
160,San Jose Sharks,Adam Parsells,parsead01,US,D,,18,,Wausau West,High-WI,0,,,,,,,,,,,6,2015
161,Colorado Avalanche,Sergei Boikov,boikose01,RU,D,,19,,Drummondville,QMJHL,0,,,,,,,,,,,6,2015
162,Florida Panthers,Christopher Wilkie,wilkich01,US,RW,,19,,Tri-City,USHL,0,,,,,,,,,,,6,2015
163,Dallas Stars,Markus Ruusu,ruusuma01,FI,G,,18,,JYP Jr.,Finland-Jr.,0,,,,,,,,,,,6,2015
164,Chicago Blackhawks,Roy Radke,radkero01,US,RW,,18,,Barrie,OHL,0,,,,,,,,,,,6,2015
165,Boston Bruins,Cameron Hughes,hugheca01,CA,C,,18,,Wisconsin,Big Ten,0,,,,,,,,,,,6,2015
166,Calgary Flames,Andrew Mangiapane,mangian01,CA,LW,,19,2019,Barrie,OHL,54,8,5,13,8,14,,,,,,6,2015
167,Pittsburgh Penguins,Frederik Tiffels,tiffefr01,DE,LW,,20,,Western Michigan,NCHC,0,,,,,,,,,,,6,2015
168,Winnipeg Jets,Mason Appleton,applema01,US,C,,19,2019,Tri-City,USHL,36,3,7,10,9,4,,,,,,6,2015
169,Carolina Hurricanes,David Cotton,cottoda01,US,C,,18,,Cushing Academy,High-MA,0,,,,,,,,,,,6,2015
170,Detroit Red Wings,Patrick Holway,holwapa01,US,D,,18,,Boston Advantage U18,USMAAA,0,,,,,,,,,,,6,2015
171,Minnesota Wild,Nicholas Boka,bokani01,US,D,,18,,USA U-18,USHL,0,,,,,,,,,,,6,2015
172,New York Islanders,Andong Song,songan01,CN,D,,18,,Lawrenceville,Mid-Atlantic,0,,,,,,,,,,,6,2015
173,Washington Capitals,Colby Williams,willico01,CA,D,,20,,Regina,WHL,0,,,,,,,,,,,6,2015
174,Vancouver Canucks,Lukas Jasek,jaseklu01,CZ,RW,,18,,Trinec,Czech,0,,,,,,,,,,,6,2015
175,Nashville Predators,Tyler Moy,moyty01,US,C,,20,,Harvard,ECAC,0,,,,,,,,,,,6,2015
176,St. Louis Blues,Liam Dunda,dundali01,US,LW,,18,,Owen Sound,OHL,0,,,,,,,,,,,6,2015
177,Montreal Canadiens,Simon Bourque,bourqsi01,CA,D,,18,,Rimouski,QMJHL,0,,,,,,,,,,,6,2015
178,Anaheim Ducks,Steven Ruggiero,ruggist01,US,D,,18,,USA U-18,USHL,0,,,,,,,,,,,6,2015
179,Anaheim Ducks,Garrett Metcalf,metcaga01,US,G,,19,,Madison,USHL,0,,,,,,,,,,,6,2015
180,Tampa Bay Lightning,Bokondji Imama,imamabo01,CA,LW,,19,,Saint John,QMJHL,0,,,,,,,,,,,7,2015
181,Chicago Blackhawks,Joni Tuulola,tuulojo01,FI,D,,19,,HPK,Finland,0,,,,,,,,,,,7,2015
182,Buffalo Sabres,Ivan Chukarov,chukaiv01,US,D,,20,,Minnesota Wilderness,NAHL,0,,,,,,,,,,,7,2015
183,Arizona Coyotes,Erik Kallgren,kallger01,SE,G,,18,,Linkoping Jr.,Sweden-Jr.,0,,,,,,,,,,,7,2015
184,New York Rangers,Adam Huska,huskaad01,SK,G,,18,,Green Bay,USHL,0,,,,,,,,,,,7,2015
185,Toronto Maple Leafs,Nikita Korostelev,korosni01,RU,RW,,18,,Sarnia,OHL,0,,,,,,,,,,,7,2015
186,Carolina Hurricanes,Steven Lorentz,lorenst01,CA,C,LW,19,,Peterborough,OHL,0,,,,,,,,,,,7,2015
187,Los Angeles Kings,Chaz Reddekopp,reddech01,CA,D,,18,,Victoria,WHL,0,,,,,,,,,,,7,2015
188,Philadelphia Flyers,Ivan Fedotov,fedotiv01,RU,G,,18,,Nizhnekamsk 2,Russia-Jr.,0,,,,,,,,,,,7,2015
189,Columbus Blue Jackets,Markus Nutivaara,nutivma01,FI,D,,21,2019,Karpat,Finland,207,14,37,51,23,26,,,,,,7,2015
190,San Jose Sharks,Marcus Vela,velama01,CA,C,,18,,Langley,BCHL,0,,,,,,,,,,,7,2015
191,Colorado Avalanche,Gustav Olhaver,olhavgu01,SE,C,,18,,Rogle Jr.,Sweden-Jr.,0,,,,,,,,,,,7,2015
192,Florida Panthers,Patrick Shea,sheapa02,US,C,,18,,Kimball Union,High-NH,0,,,,,,,,,,,7,2015
193,San Jose Sharks,John Kupsky,kupskjo01,US,G,,19,,Lone Star,NAHL,0,,,,,,,,,,,7,2015
194,Los Angeles Kings,Matt Roy,royma04,CA,D,,20,2019,Michigan Tech,WCHA,25,2,4,6,-1,8,,,,,,7,2015
195,Boston Bruins,Jack Becker,beckeja01,US,C,,18,,Mahtomedi,High-MN,0,,,,,,,,,,,7,2015
196,Calgary Flames,Riley Bruce,bruceri01,CA,D,,18,,North Bay,OHL,0,,,,,,,,,,,7,2015
197,Pittsburgh Penguins,Nikita Pavlychev,pavlyni01,RU,C,,18,,Des Moines,USHL,0,,,,,,,,,,,7,2015
198,Winnipeg Jets,Sami Niku,nikusa01,FI,D,,18,2019,JYP 2,Finland-2,31,2,3,5,0,2,,,,,,7,2015
199,Ottawa Senators,Joey Daccord,daccojo01,US,G,,19,2019,Cushing Academy,High-MA,1,0,0,0,0,0,0,1,0,0.875,5,7,2015
200,Detroit Red Wings,Adam Marsh,marshad01,US,LW,,18,,Saint John,QMJHL,0,,,,,,,,,,,7,2015
201,Minnesota Wild,Gustav Bouramman,bouragu01,SE,D,,18,,Sault Ste. Marie,OHL,0,,,,,,,,,,,7,2015
202,New York Islanders,Petter Hansson,hansspe01,SE,D,,19,,Linkoping Jr.,Sweden-Jr.,0,,,,,,,,,,,7,2015
203,Winnipeg Jets,Matteo Gennaro,gennama01,CA,C,,18,,Prince Albert,WHL,0,,,,,,,,,,,7,2015
204,Minnesota Wild,Jack Sadek,sadekja01,US,D,,18,,Lakeville North,High-MN,0,,,,,,,,,,,7,2015
205,Nashville Predators,Evan Smith,smithev01,US,G,,18,,Austin,NAHL,0,,,,,,,,,,,7,2015
206,Florida Panthers,Ryan Bednard,bednary01,US,G,,18,,Johnstown,NAHL,0,,,,,,,,,,,7,2015
207,Montreal Canadiens,Jeremiah Addison,addisje01,CA,LW,,18,,Ottawa,OHL,0,,,,,,,,,,,7,2015
208,Edmonton Oilers,Miroslav Svoboda,svobomi01,CZ,G,,20,,Trinec Jr.,Czech-Jr.,0,,,,,,,,,,,7,2015
209,Edmonton Oilers,Ziyat Paigin,paigizi01,RU,D,,20,,Kazan,Russia,0,,,,,,,,,,,7,2015
210,Vancouver Canucks,Tate Olson,olsonta01,CA,D,,18,,Prince George,WHL,0,,,,,,,,,,,8,2015
211,Chicago Blackhawks,John Dahlstrom,dahlsjo01,SE,RW,,18,,Frolunda Jr.,Sweden-Jr.,0,,,,,,,,,,,8,2015
